,joy,sadness,anger,fear,trust,disgust,anticipation,surprise,crisis_score,crisis_global
Suicide,0.00938313817948773,0.2300043926505425,0.0,0.0,0.0,0.0,0.0,0.0,0.18078848144305876,0.2300043926505425
Existential,0.0,0.2535935934047937,0.0,0.0,0.0,0.0,0.0,0.0,0.10143743736191749,0.2535935934047937
Panic,0.0,0.04768991428384793,0.0625,0.3240341872325906,0.08333333333333333,0.0,0.0,0.0,0.22442051233955435,0.3240341872325906
Dissociation,0.0,0.0,0.0,0.4916528457992527,0.0,0.0,0.0,0.0,0.34415699205947686,0.4916528457992527
Trauma,0.0,0.33145518315885747,0.0,0.0,0.0,0.0,0.0,0.0,0.15165638097362819,0.33145518315885747
Loneliness,0.0,0.10946994542735683,0.0,0.0,0.0,0.0,0.0,0.0,0.10946994542735683,0.10946994542735683
Self-Harm,0.0,0.07210345826763159,0.0,0.08828994889914073,0.0,0.0,0.0,0.0,0.38884138330705265,0.1603934071667723
Controls,0.07569827664102846,0.0,0.125,0.05885996593276049,0.0,0.0,0.0,0.0,0.017657989779828145,0.05885996593276049
